ddress,Data
0,0
100,0
104,1
108,2
112,3
116,4
120,5
124,6
128,7
132,8
136,9
140,10
144,11
148,12
152,13
156,14
160,15
164,16
168,17
172,18
176,19
180,20
184,21
188,22
192,23
196,24
200,25
204,26
208,27
212,28
216,29
220,30
224,31
228,32
232,33
236,34
240,35
244,36
248,37
252,38
256,39
260,40
264,41
268,42
272,43
276,44
280,45
284,46
288,47
292,48
296,49
300,50
304,51
308,52
312,53
316,54
320,55
324,56
328,57
332,58
336,59
340,60
344,61
348,62
352,63
356,64
360,65
364,66
368,67
372,68
376,69
380,70
384,71
388,72
392,73
396,74
400,75
404,76
408,77
412,78
416,79
420,80
424,81
428,82
432,83
436,84
440,85
444,86
448,87
452,88
456,89
460,90
464,91
468,92
472,93
476,94
480,95
484,96
488,97
492,98
496,99
500,100
504,101
508,102
512,103
516,104
520,105
524,106
528,107
532,108
536,109
540,110
544,111
548,112
552,113
556,114
560,115
564,116
568,117
572,118
576,119
580,120
584,121
588,122
592,123
596,124
600,125
604,126
608,127
612,128
616,129
620,130
624,131
628,132
632,133
636,134
640,135
644,136
648,137
652,138
656,139
660,140
664,141
668,142
672,143
676,144
680,145
684,146
688,147
692,148
696,149
700,150
704,151
708,152
712,153
716,154
720,155
724,156
728,157
732,158
736,159
740,160
744,161
748,162
752,163
756,164
760,165
764,166
768,167
772,168
776,169
780,170
784,171
788,172
792,173
796,174
800,175
804,176
808,177
812,178
816,179
820,180
824,181
828,182
832,183
836,184
840,185
844,186
848,187
852,188
856,189
860,190
864,191
868,192
872,193
876,194
880,195
884,196
888,197
892,198
896,199
900,200
904,201
908,202
912,203
916,204
920,205
924,206
928,207
932,208
936,209
940,210
944,211
948,212
952,213
956,214
960,215
964,216
968,217
972,218
976,219
980,220
984,221
988,222
992,223
996,224
1000,225
1004,226
1008,227
1012,228
1016,229
1020,230
1024,231
1028,232
1032,233
1036,234
1040,235
1044,236
1048,237
1052,238
1056,239
1060,240
1064,241
1068,242
1072,243
1076,244
1080,245
1084,246
1088,247
1092,248
1096,249
1100,250
1104,251
1108,252
1112,253
1116,254
1120,255
5000,0
5004,0
5008,0
5012,0
5016,0
5020,0
5024,0
5028,0
5032,0
5036,0
5040,0
5044,0
5048,0
5052,0
5056,0
5060,0
5064,0
5068,0
5072,0
5076,0
5080,0
5084,0
5088,0
5092,0
5096,0
5100,0
5104,0
5108,0
5112,0
5116,0
5120,0
5124,0
5128,0
5132,0
5136,0
5140,0
5144,0
5148,0
5152,0
5156,0
5160,0
5164,0
5168,0
5172,0
5176,0
5180,0
5184,0
5188,0
5192,0
5196,0
5200,0
5204,0
5208,0
5212,0
5216,0
5220,0
5224,0
5228,0
5232,0
5236,0
5240,0
5244,0
5248,0
5252,0
5256,0
5260,0
5264,0
5268,0
5272,0
5276,0
5280,0
5284,0
5288,0
5292,0
5296,0
5300,0
5304,0
5308,0
5312,0
5316,0
5320,0
5324,0
5328,0
5332,0
5336,0
5340,0
5344,0
5348,0
5352,0
5356,0
5360,0
5364,0
5368,0
5372,0
5376,0
5380,0
5384,0
5388,0
5392,0
5396,0
5400,0
5404,0
5408,0
5412,0
5416,0
5420,0
5424,0
5428,0
5432,0
5436,0
5440,0
5444,0
5448,0
5452,0
5456,0
5460,0
5464,0
5468,0
5472,0
5476,0
5480,0
5484,0
5488,0
5492,0
5496,0
5500,0
5504,0
5508,0
5512,0
5516,0
5520,0
5524,0
5528,0
5532,0
5536,0
5540,0
5544,0
5548,0
5552,0
5556,0
5560,0
5564,0
5568,0
5572,0
5576,0
5580,0
5584,0
5588,0
5592,0
5596,0
5600,0
5604,0
5608,0
5612,0
5616,0
5620,0
5624,0
5628,0
5632,0
5636,0
5640,0
5644,0
5648,0
5652,0
5656,0
5660,0
5664,0
5668,0
5672,0
5676,0
5680,0
5684,0
5688,0
5692,0
5696,0
5700,0
5704,0
5708,0
5712,0
5716,0
5720,0
5724,0
5728,0
5732,0
5736,0
5740,0
5744,0
5748,0
5752,0
5756,0
5760,0
5764,0
5768,0
5772,0
5776,0
5780,0
