Address,Data
0,0
36464,0
36468,1
36472,2
36476,3
36480,4
36484,5
36488,6
36492,7
36496,8
36500,9
36504,10
36508,11
36512,12
36516,13
36520,14
36524,15
36528,16
36532,17
36536,18
36540,19
36544,20
36548,21
36552,22
36556,23
36560,24
36564,25
36568,26
36572,27
36576,28
36580,29
36584,30
36588,31
36592,32
36596,33
36600,34
36604,35
36608,36
36612,37
36616,38
36620,39
36624,40
36628,41
36632,42
36636,43
36640,44
36644,45
36648,46
36652,47
36656,48
36660,49
36664,50
36668,51
36672,52
36676,53
36680,54
36684,55
36688,56
36692,57
36696,58
36700,59
36704,60
36708,61
36712,62
36716,63
36720,64
36724,97
36728,98
36732,99
36736,100
36740,101
36744,102
36748,103
36752,104
36756,105
36760,106
36764,107
36768,108
36772,109
36776,110
36780,111
36784,112
36788,113
36792,114
36796,115
36800,116
36804,117
36808,118
36812,119
36816,120
36820,121
36824,122
36828,91
36832,92
36836,93
36840,94
36844,95
36848,96
36852,97
36856,98
36860,99
36864,100
36868,101
36872,102
36876,103
36880,104
36884,105
36888,106
36892,107
36896,108
36900,109
36904,110
36908,111
36912,112
36916,113
36920,114
36924,115
36928,116
36932,117
36936,118
36940,119
36944,120
36948,121
36952,122
36956,123
36960,124
36964,125
36968,126
36972,127
36976,128
36980,129
36984,130
36988,131
36992,132
36996,133
37000,134
37004,135
37008,136
37012,137
37016,138
37020,139
37024,140
37028,141
37032,142
37036,143
37040,144
37044,145
37048,146
37052,147
37056,148
37060,149
37064,150
37068,151
37072,152
37076,153
37080,154
37084,155
37088,156
37092,157
37096,158
37100,159
37104,160
37108,161
37112,162
37116,163
37120,164
37124,165
37128,166
37132,167
37136,168
37140,169
37144,170
37148,171
37152,172
37156,173
37160,174
37164,175
37168,176
37172,177
37176,178
37180,179
37184,180
37188,181
37192,182
37196,183
37200,184
37204,185
37208,186
37212,187
37216,188
37220,189
37224,190
37228,191
37232,192
37236,193
37240,194
37244,195
37248,196
37252,197
37256,198
37260,199
37264,200
37268,201
37272,202
37276,203
37280,204
37284,205
37288,206
37292,207
37296,208
37300,209
37304,210
37308,211
37312,212
37316,213
37320,214
37324,215
37328,216
37332,217
37336,218
37340,219
37344,220
37348,221
37352,222
37356,223
37360,224
37364,225
37368,226
37372,227
37376,228
37380,229
37384,230
37388,231
37392,232
37396,233
37400,234
37404,235
37408,236
37412,237
37416,238
37420,239
37424,240
37428,241
37432,242
37436,243
37440,244
37444,245
37448,246
37452,247
37456,248
37460,249
37464,250
37468,251
37472,252
37476,253
37480,254
37800,52
37804,112
37808,92
37812,86
37816,50
37820,81
37824,54
37828,111
37832,118
37836,87
37840,47
37844,68
37848,90
37852,65
37856,85
37860,105
37864,122
37868,50
37872,98
37876,82
37880,75
37884,42
37888,125
37892,66
37896,53
37900,69
37904,72
37908,129
37912,125
37916,112
37920,101
37924,111
37928,106
37932,103
37936,109
37940,45
37944,126
37948,105
37952,52
37956,114
37960,91
37964,49
37968,116
37972,39
37976,51
37980,84
37984,86
37988,83
37992,80
37996,93
